OrderID,Date,Product,Category,Brand,Region,Country,Quantity,UnitPrice,Sales
1001,2025-01-05,Laptop,Electronics,TechPro,South,India,2,65000,130000
1002,2025-01-08,Phone,Electronics,TechPro,West,India,5,30000,150000
1003,2025-01-12,Keyboard,Accessories,Urbanly,South,India,10,2500,25000
1004,2025-01-18,Mouse,Accessories,Boltix,North,India,15,1200,18000
1005,2025-01-22,Monitor,Electronics,Pinnacle,West,India,4,18000,72000
1006,2025-02-03,Laptop,Electronics,TechPro,North,India,3,65000,195000
1007,2025-02-07,Phone,Electronics,Optima,South,India,8,28000,224000
1008,2025-02-14,Keyboard,Accessories,Urbanly,West,India,12,2500,30000
1009,2025-02-20,Mouse,Accessories,Boltix,South,India,20,1200,24000
1010,2025-02-25,Monitor,Electronics,Pinnacle,North,India,5,18000,90000
1011,2025-03-02,Laptop,Electronics,TechPro,West,USA,2,900,1800
1012,2025-03-06,Phone,Electronics,Optima,North,USA,6,600,3600
1013,2025-03-11,Tablet,Electronics,Veloura,South,India,7,22000,154000
1014,2025-03-17,Headphones,Accessories,Terraza,West,India,10,3500,35000
1015,2025-03-22,Laptop,Electronics,TechPro,South,India,4,65000,260000
1016,2025-04-04,Phone,Electronics,Optima,West,India,10,28000,280000
1017,2025-04-09,Tablet,Electronics,Veloura,North,India,5,22000,110000
1018,2025-04-15,Keyboard,Accessories,Urbanly,South,India,18,2500,45000
1019,2025-04-21,Monitor,Electronics,Pinnacle,West,India,6,18000,108000
1020,2025-04-28,Headphones,Accessories,Terraza,North,India,15,3500,52500
1021,2025-05-03,Laptop,Electronics,TechPro,North,India,5,65000,325000
1022,2025-05-08,Phone,Electronics,Optima,South,India,12,28000,336000
1023,2025-05-14,Tablet,Electronics,Veloura,West,India,8,22000,176000
1024,2025-05-20,Mouse,Accessories,Boltix,North,India,25,1200,30000
1025,2025-05-27,Monitor,Electronics,Pinnacle,South,India,7,18000,126000
1026,2025-06-02,Laptop,Electronics,TechPro,West,USA,3,900,2700
1027,2025-06-08,Phone,Electronics,Optima,South,India,15,28000,420000
1028,2025-06-13,Tablet,Electronics,Veloura,North,India,10,22000,220000
1029,2025-06-19,Headphones,Accessories,Terraza,West,India,20,3500,70000
1030,2025-06-25,Keyboard,Accessories,Urbanly,South,India,25,2500,62500